IdConcessionaria,Nome
CONC1,MotoCity 82
CONC2,DreamMotors 211
CONC3,GalaxyMotors 69
CONC4,Skyline Auto 926
CONC5,MotoCity 466
CONC6,NationDrive 252
CONC7,Skyline Auto 820
CONC8,MotoCity 324
CONC9,SuperWheels 649
CONC10,PrimeDrive 187
CONC11,PrimeDrive 365
CONC12,LuxuryDrive 438
CONC13,CarPlanet 559
CONC14,PrimeDrive 341
CONC15,NorthStar Motors 149
CONC16,DreamMotors 158
CONC17,AutoMax 109
CONC18,LuxuryDrive 796
CONC19,PrimeDrive 520
CONC20,AutoCity 820
CONC21,AutoMax 726
CONC22,EliteMotors 543
CONC23,NorthStar Motors 157
CONC24,AvenueCars 860
CONC25,CityDrive 433
CONC26,SpeedyAuto 491
CONC27,SpeedyAuto 113
CONC28,DriveZone 628
CONC29,AutoCity 184
CONC30,SuperWheels 339
CONC31,MotorVillage 583
CONC32,MetroMotors 678
CONC33,Starline Auto 671
CONC34,AutoCity 154
CONC35,WorldCars 966
CONC36,MotorVillage 501
CONC37,ZoomCars 296
CONC38,SunsetMotors 971
CONC39,BestMotors 473
CONC40,CityCars 580
CONC41,AutoCity 248
CONC42,UrbanMotors 163
CONC43,SpeedZone 726
CONC44,AutoHaus 115
CONC45,AutoTrade 374
CONC46,LuxuryDrive 44
CONC47,AutoPlus 796
CONC48,CarPlanet 844
CONC49,BestMotors 129
CONC50,SmartWheels 907
CONC51,EliteMotors 989
CONC52,SpeedyAuto 615
CONC53,PowerCars 862
CONC54,TopGear Motors 150
CONC55,Skyline Motors 267
CONC56,Skyline Motors 253
CONC57,SpeedyAuto 297
CONC58,NationDrive 293
CONC59,Skyline Motors 295
CONC60,SuperWheels 861
CONC61,BestMotors 498
CONC62,UrbanDrive 523
CONC63,DriveCity 549
CONC64,SpeedZone 736
CONC65,SpeedZone 892
CONC66,BestMotors 477
CONC67,NextGen Motors 998
CONC68,ZoomCars 963
CONC69,AutoPlus 550
CONC70,Skyline Auto 213
CONC71,DriveNation 548
CONC72,GreenAuto 778
CONC73,MotoGalaxy 522
CONC74,CityMotors 575
CONC75,UrbanAuto 494
CONC76,Starline Auto 554
CONC77,TopGear Motors 3
CONC78,AutoXpress 385
CONC79,CapitalAuto 632
CONC80,PrimeMotors 813
CONC81,LuxuryDrive 142
CONC82,CityDrive 282
CONC83,UltimateDrive 737
CONC84,ZoomCars 573
CONC85,InfinityDrive 989
CONC86,Skyline Motors 778
CONC87,DriveNation 186
CONC88,DriveTech 827
CONC89,UrbanAuto 846
CONC90,DriveTech 398
CONC91,NextGen Motors 866
CONC92,SmartWheels 454
CONC93,AutoHaus 606
CONC94,GreenAuto 712
CONC95,GlobalMotors 620
CONC96,MotoGalaxy 513
CONC97,UltimateDrive 482
CONC98,PrimeMotors 211
CONC99,CarFusion 961
CONC100,SunsetMotors 656
CONC101,Skyline Auto 730
CONC102,NationDrive 559
CONC103,AutoChoice 238
CONC104,WorldCars 714
CONC105,SunsetMotors 67
CONC106,SmartWheels 531
CONC107,AutoTrade 191
CONC108,DriveZone 292
CONC109,UrbanMotors 530
CONC110,CarSpace 736
CONC111,DriveNation 309
CONC112,DriveZone 862
CONC113,NextGen Motors 258
CONC114,DriveTech 873
CONC115,AutoTrade 205
CONC116,GreenAuto 211
CONC117,CarFusion 485
CONC118,PrimeMotors 302
CONC119,Starline Auto 777
CONC120,GalaxyMotors 650
CONC121,UltimateDrive 12
CONC122,Skyline Motors 133
CONC123,GreenAuto 617
CONC124,Starline Auto 423
CONC125,WorldCars 59
CONC126,MotoWorld 334
CONC127,Starline Auto 545
CONC128,DriveTech 758
CONC129,FastTrack 216
CONC130,SmartWheels 327
CONC131,EliteMotors 401
CONC132,AutoChoice 687
CONC133,GlobalMotors 14
CONC134,Starline Auto 983
CONC135,AutoCenter 467
CONC136,AutoCity 530
CONC137,CarPlanet 16
CONC138,MotoWorld 153
CONC139,CityDrive 203
CONC140,AutoCenter 961
CONC141,BestMotors 861
CONC142,CityMotors 189
CONC143,UrbanMotors 89
CONC144,DriveNation 338
CONC145,SunsetMotors 689
CONC146,SuperWheels 1
CONC147,PrimeMotors 45
CONC148,UrbanDrive 782
CONC149,InfinityDrive 263
CONC150,AutoMax 710
CONC151,CityDrive 367
CONC152,DriveNation 827
CONC153,ZoomCars 620
CONC154,CityDrive 561
CONC155,NextGen Motors 618
CONC156,WorldCars 204
CONC157,CarFusion 903
CONC158,DriveZone 716
CONC159,ZoomCars 416
CONC160,DriveTech 599
CONC161,AutoHub 363
CONC162,AutoEmpire 180
CONC163,AutoMax 572
CONC164,FastTrack 418
CONC165,CarFusion 685
CONC166,InfinityDrive 678
CONC167,PrimeDrive 80
CONC168,CarFusion 306
CONC169,DriveTech 834
CONC170,CarFusion 106
CONC171,AutoXpress 640
CONC172,CarSpace 798
CONC173,CityCars 459
CONC174,EuroCars 729
CONC175,PrimeMotors 872
CONC176,PrimeDrive 702
CONC177,CarFusion 744
CONC178,Skyline Motors 267
CONC179,EcoDrive 956
CONC180,CarPlanet 857
CONC181,ZoomCars 782
CONC182,DriveCity 362
CONC183,SuperWheels 546
CONC184,UrbanDrive 673
CONC185,DreamMotors 386
CONC186,MetroMotors 658
CONC187,InfinityDrive 280
CONC188,AutoCity 590
CONC189,MotoGalaxy 370
CONC190,EuroCars 778
CONC191,GlobalMotors 30
CONC192,AvenueCars 113
CONC193,CityCars 526
CONC194,AutoChoice 74
CONC195,GreenAuto 379
CONC196,MotoGalaxy 763
CONC197,AutoCenter 418
CONC198,MetroMotors 317
CONC199,CarSpace 747
CONC200,AutoStar 832
