IdModello,NomeModello,Cilindrata,Codice,Marche,IdColore,DataCreazione
MOD1,Astra,1000,QD930,Nissan,COL2,2004-08-02
MOD2,Focus,1500,PJ784,Chevrolet,COL13,2008-10-05
MOD3,A3,1600,QZ433,Honda,COL6,2008-10-02
MOD4,Civic,1400,KC364,Toyota,COL15,2005-03-02
MOD5,Astra,3000,VV191,Kia,COL25,2012-04-07
MOD6,Soul,2400,FI760,Honda,COL18,2017-09-28
MOD7,Tucson,1500,FL679,Chevrolet,COL11,2020-05-08
MOD8,A3,2400,XP451,BMW,COL16,2002-01-10
MOD9,Focus,3000,NE572,Honda,COL7,2003-05-23
MOD10,Corolla,1600,AR133,Mercedes,COL7,2019-12-08
MOD11,Mustang,1400,PG827,Chevrolet,COL23,2004-04-28
MOD12,A3,1500,HG856,Kia,COL22,2008-12-26
MOD13,Golf,1400,NB928,Ford,COL9,2023-10-30
MOD14,Astra,1000,QH392,Ford,COL14,2018-02-11
MOD15,A3,2200,YC026,Toyota,COL8,2001-09-12
MOD16,Corolla,1600,SH231,Audi,COL6,2013-12-29
MOD17,Impala,1500,RV599,BMW,COL8,2002-05-05
MOD18,Tucson,1200,BI525,Chevrolet,COL18,2005-04-29
MOD19,Soul,1600,VV760,Audi,COL19,2001-09-22
MOD20,Tucson,1000,UW922,Ford,COL16,2007-08-29
MOD21,Mustang,3000,UE733,Honda,COL11,2005-08-31
MOD22,Corolla,1500,BA597,Toyota,COL24,2020-12-15
MOD23,Astra,2400,ZY497,Toyota,COL17,2024-02-14
MOD24,Golf,1800,QO886,Ford,COL1,2023-11-21
MOD25,Astra,1000,CY004,Kia,COL11,2000-07-25
MOD26,Impala,2200,HY985,Hyundai,COL10,2023-11-17
MOD27,Impala,1000,BP190,Ford,COL13,2006-05-15
MOD28,A3,2200,FA435,Kia,COL3,2017-12-25
MOD29,Astra,1400,VV873,Audi,COL2,2021-06-21
MOD30,Focus,2000,ON336,Mercedes,COL21,2010-03-12
MOD31,Tucson,1200,VX181,Honda,COL23,2012-05-12
MOD32,Soul,1200,QL135,Audi,COL19,2014-11-23
MOD33,Tucson,1400,TW827,Hyundai,COL23,2019-06-27
MOD34,Mustang,3000,MC350,BMW,COL6,2016-06-08
MOD35,Tucson,1400,KG428,BMW,COL30,2022-12-10
MOD36,Impala,2000,VH868,BMW,COL12,2017-01-26
MOD37,A3,1200,SW169,Audi,COL27,2021-10-11
MOD38,Impala,1500,RT046,Audi,COL24,2000-05-29
MOD39,Focus,2400,ZW146,Hyundai,COL2,2016-08-25
MOD40,Golf,1000,MO528,Mercedes,COL25,2012-11-25
MOD41,Corolla,1800,PU995,Toyota,COL10,2012-08-18
MOD42,Soul,3000,AK366,Honda,COL9,2004-09-21
MOD43,Mustang,1200,MN990,Audi,COL2,2011-01-10
MOD44,Mustang,1500,RH765,Chevrolet,COL19,2014-12-05
MOD45,Astra,2000,HF394,Chevrolet,COL21,2009-05-25
MOD46,Impala,2000,LR098,BMW,COL13,2021-01-31
MOD47,Impala,1400,LM364,Ford,COL30,2021-07-24
MOD48,Civic,3000,BK321,Chevrolet,COL15,2012-02-09
MOD49,Mustang,1200,LL922,Ford,COL8,2004-03-05
MOD50,Tucson,1800,AJ385,Toyota,COL24,2002-02-06
MOD51,Astra,1500,OY090,Mercedes,COL4,2005-06-09
MOD52,A3,1200,RA283,BMW,COL8,2017-06-24
MOD53,A3,1800,PQ807,Toyota,COL13,2001-04-28
MOD54,Astra,2200,IP129,Ford,COL11,2005-02-03
MOD55,A3,2200,WC132,Audi,COL6,2002-04-04
MOD56,Astra,1800,PI795,Audi,COL15,2000-03-26
MOD57,Soul,2200,HW938,Kia,COL9,2018-10-13
MOD58,Tucson,2200,CS357,Kia,COL4,2006-08-16
MOD59,Soul,2400,JE044,Hyundai,COL21,2000-01-30
MOD60,Focus,1200,CT655,BMW,COL16,2006-08-10
MOD61,A3,1400,EA024,Audi,COL6,2002-10-16
MOD62,Civic,2000,VF270,Toyota,COL11,2001-07-02
MOD63,Mustang,2200,RR749,Mercedes,COL9,2014-01-07
MOD64,Focus,2200,LN723,Chevrolet,COL7,2010-11-01
MOD65,Focus,1600,LM495,Chevrolet,COL24,2004-03-18
MOD66,Civic,1400,QJ661,Chevrolet,COL21,2012-03-20
MOD67,Civic,1800,XD605,Audi,COL2,2001-09-16
MOD68,Soul,1000,OC184,Honda,COL29,2018-05-08
MOD69,Civic,1200,SJ238,Toyota,COL19,2009-01-18
MOD70,Tucson,3000,RR109,Hyundai,COL23,2016-06-28
MOD71,Focus,3000,EN863,Chevrolet,COL16,2020-01-04
MOD72,Mustang,1800,SY272,Ford,COL29,2002-01-03
MOD73,Soul,2400,LP117,Kia,COL7,2015-10-20
MOD74,Mustang,1200,VN823,Hyundai,COL7,2008-09-28
MOD75,Civic,1600,UB073,Toyota,COL13,2015-01-08
MOD76,A3,1500,HW038,Ford,COL27,2009-02-17
MOD77,Tucson,1800,JF321,Nissan,COL25,2012-06-24
MOD78,Astra,1600,DV355,Mercedes,COL4,2017-06-11
MOD79,Impala,1500,FV131,Hyundai,COL11,2020-09-15
MOD80,A3,1800,AJ638,Kia,COL30,2007-12-12
MOD81,Impala,1400,DF228,BMW,COL13,2012-06-26
MOD82,Focus,1600,OB716,Audi,COL29,2003-12-22
MOD83,Focus,1800,KB850,Ford,COL1,2007-04-26
MOD84,Tucson,1200,YX792,Nissan,COL9,2005-05-08
MOD85,Focus,1000,GW686,Audi,COL4,2012-09-02
MOD86,Corolla,3000,AI750,Nissan,COL27,2013-02-25
MOD87,Soul,1500,IH070,Honda,COL9,2002-07-01
MOD88,Soul,1600,TC131,Audi,COL6,2010-04-20
MOD89,Civic,1800,AC255,Kia,COL17,2000-02-13
MOD90,Soul,2400,PD324,Nissan,COL16,2006-02-15
MOD91,Soul,1600,FX995,Nissan,COL12,2006-02-18
MOD92,Impala,1600,DX116,Toyota,COL21,2002-02-20
MOD93,Focus,2200,WL020,Honda,COL20,2007-09-08
MOD94,Corolla,1400,LU570,Audi,COL20,2003-02-22
MOD95,Civic,1500,FR409,Audi,COL4,2023-09-03
MOD96,Focus,2400,LO839,Toyota,COL23,2009-01-14
MOD97,Soul,1400,NP185,Ford,COL4,2000-08-01
MOD98,Tucson,1600,QH415,Kia,COL22,2017-07-19
MOD99,Tucson,1500,SC965,Mercedes,COL29,2010-05-19
MOD100,A3,1800,UH177,BMW,COL30,2023-10-08
MOD101,Focus,2000,JL695,BMW,COL15,2007-08-07
MOD102,Civic,1400,QG019,Mercedes,COL7,2000-10-14
MOD103,Soul,1400,KT292,Chevrolet,COL4,2020-08-22
MOD104,Mustang,2000,LS401,BMW,COL19,2012-02-26
MOD105,Soul,2400,PI710,Hyundai,COL4,2018-03-17
MOD106,Focus,2000,HX731,Chevrolet,COL2,2004-02-08
MOD107,Golf,2400,RI413,Audi,COL29,2003-03-21
MOD108,Soul,3000,NE008,Chevrolet,COL21,2001-09-09
MOD109,Focus,1000,CH917,Nissan,COL26,2016-12-06
MOD110,Civic,1500,IS128,Nissan,COL25,2004-01-14
MOD111,Tucson,1600,ZU754,Hyundai,COL3,2002-05-07
MOD112,Civic,2400,UH037,Mercedes,COL16,2019-01-02
MOD113,A3,1600,CE871,Kia,COL9,2021-05-16
MOD114,Focus,1400,SK788,BMW,COL14,2005-07-11
MOD115,Astra,3000,YS202,Audi,COL25,2022-08-26
MOD116,Focus,2000,IF382,Kia,COL8,2015-11-08
MOD117,Astra,3000,MX500,Kia,COL15,2022-08-09
MOD118,Astra,3000,WP068,Toyota,COL8,2010-12-13
MOD119,Civic,3000,EV734,BMW,COL24,2020-08-04
MOD120,Tucson,1000,ZS707,Chevrolet,COL19,2020-05-18
MOD121,Corolla,1400,QD413,BMW,COL1,2000-01-19
MOD122,Soul,2000,YC592,Honda,COL2,2016-03-23
MOD123,A3,1800,NV623,Mercedes,COL19,2019-01-01
MOD124,Mustang,1000,PW136,BMW,COL10,2018-10-01
MOD125,Soul,1400,GM448,Audi,COL12,2011-03-08
MOD126,Mustang,2200,PM045,BMW,COL5,2019-02-01
MOD127,Mustang,1200,SZ653,Mercedes,COL22,2020-04-28
MOD128,Corolla,2400,WL377,Audi,COL3,2018-03-29
MOD129,Corolla,2000,QI218,Chevrolet,COL3,2024-03-15
MOD130,Astra,1400,PY404,BMW,COL30,2015-05-31
MOD131,A3,1800,YQ456,Mercedes,COL5,2016-12-24
MOD132,A3,3000,QV345,Toyota,COL23,2006-10-26
MOD133,Impala,2200,MB250,Ford,COL21,2001-09-29
MOD134,Mustang,2400,WG372,Chevrolet,COL24,2004-05-22
MOD135,Mustang,1400,LA984,Toyota,COL1,2005-12-28
MOD136,Corolla,1800,NK492,Kia,COL19,2008-08-11
MOD137,Astra,2400,WX056,Nissan,COL18,2014-05-25
MOD138,Impala,1500,RT337,Honda,COL12,2002-09-13
MOD139,Soul,2000,DY618,Audi,COL26,2022-05-28
MOD140,Golf,1500,PV517,Nissan,COL16,2009-01-03
MOD141,Soul,3000,GB485,Ford,COL14,2016-11-20
MOD142,A3,1000,SS208,Mercedes,COL1,2016-10-04
MOD143,Civic,1400,IX491,Chevrolet,COL1,2020-01-02
MOD144,Soul,2200,TD653,Mercedes,COL7,2008-02-22
MOD145,Tucson,1500,GE169,Nissan,COL28,2017-06-29
MOD146,Astra,2000,GW785,BMW,COL11,2007-11-12
MOD147,Civic,1200,UT984,Nissan,COL18,2004-11-22
MOD148,Astra,1800,MG878,Toyota,COL29,2016-07-26
MOD149,Tucson,2000,ZB825,Toyota,COL1,2005-07-29
MOD150,Tucson,2200,LO325,Kia,COL14,2007-12-06
MOD151,Civic,1800,XJ878,Chevrolet,COL14,2024-10-22
MOD152,Corolla,2000,LJ427,Kia,COL5,2010-01-01
MOD153,Impala,3000,CT359,Mercedes,COL17,2021-09-05
MOD154,Astra,1400,XV867,Ford,COL14,2024-08-25
MOD155,Corolla,1500,WW963,Audi,COL6,2001-08-20
MOD156,A3,1000,EO648,Nissan,COL19,2004-07-06
MOD157,Impala,1600,SB463,Chevrolet,COL21,2023-11-17
MOD158,Civic,1800,MD791,Kia,COL17,2024-06-05
MOD159,Golf,2400,ST465,Chevrolet,COL30,2002-10-12
MOD160,Corolla,2000,XA829,Hyundai,COL10,2019-02-08
MOD161,Golf,1500,PL121,BMW,COL14,2021-08-13
MOD162,Focus,3000,EN641,Mercedes,COL20,2004-12-07
MOD163,Corolla,1800,JQ774,Audi,COL17,2024-08-10
MOD164,Corolla,1800,RQ567,Kia,COL21,2017-05-31
MOD165,Focus,2400,OO214,Chevrolet,COL26,2023-02-09
MOD166,Tucson,1500,JD408,Mercedes,COL26,2024-10-17
MOD167,Civic,2200,MV299,Nissan,COL20,2003-06-14
MOD168,Golf,2200,UI385,Audi,COL25,2002-04-02
MOD169,Impala,2400,ML408,Chevrolet,COL7,2020-06-19
MOD170,Soul,1500,IR386,BMW,COL30,2008-06-27
MOD171,Focus,2200,QS798,Audi,COL19,2010-12-28
MOD172,Civic,1000,AJ576,Toyota,COL13,2016-09-09
MOD173,Soul,1600,LE852,Nissan,COL18,2014-08-17
MOD174,Soul,1200,SR337,Honda,COL23,2008-09-29
MOD175,Tucson,3000,YH264,Nissan,COL28,2012-07-26
MOD176,Civic,2000,RY885,BMW,COL24,2023-07-23
MOD177,Golf,1200,QI405,Nissan,COL1,2017-09-18
MOD178,Mustang,1600,BZ324,Honda,COL15,2016-09-27
MOD179,Astra,1200,UA343,Hyundai,COL16,2023-01-09
MOD180,Mustang,2000,VI052,Nissan,COL20,2017-11-28
MOD181,A3,1200,SE315,Toyota,COL26,2024-11-19
MOD182,Golf,1600,HG665,Audi,COL1,2005-09-24
MOD183,Mustang,1600,QA897,Nissan,COL20,2002-11-03
MOD184,Mustang,2400,QS798,BMW,COL21,2024-01-02
MOD185,Soul,1500,LR527,Audi,COL4,2003-10-09
MOD186,Impala,1200,GG730,BMW,COL8,2020-11-09
MOD187,A3,1800,CY230,BMW,COL15,2009-05-12
MOD188,Focus,1000,ZL820,Audi,COL9,2015-01-30
MOD189,Tucson,1600,UP370,Nissan,COL1,2013-04-10
MOD190,Astra,2400,KV628,Hyundai,COL13,2007-05-06
MOD191,Golf,2000,IU522,Hyundai,COL27,2003-09-07
MOD192,Golf,1500,TI569,Hyundai,COL27,2023-11-28
MOD193,Impala,3000,NF023,Kia,COL2,2008-04-15
MOD194,Corolla,2000,SI565,BMW,COL27,2007-10-30
MOD195,Focus,3000,SO118,Ford,COL5,2009-04-14
MOD196,Golf,1400,PD296,Honda,COL15,2003-04-25
MOD197,Golf,1400,OZ026,Hyundai,COL20,2001-07-27
MOD198,Focus,2400,MQ750,Toyota,COL7,2003-10-24
MOD199,Corolla,2000,RG824,Nissan,COL20,2020-04-19
MOD200,Soul,1200,CZ545,Kia,COL17,2004-05-17
MOD201,Mustang,1800,GF467,BMW,COL21,2005-03-26
MOD202,Astra,1600,TV430,Kia,COL12,2013-10-30
MOD203,Soul,1500,YZ468,BMW,COL24,2023-12-29
MOD204,Focus,1400,UW207,Hyundai,COL27,2006-02-22
MOD205,Impala,3000,AT303,BMW,COL9,2018-12-19
MOD206,Soul,2400,RY037,Nissan,COL6,2009-07-19
MOD207,Astra,1000,RG110,Hyundai,COL27,2017-04-25
MOD208,Soul,1600,QP397,Honda,COL29,2012-07-20
MOD209,Golf,2000,LJ019,Mercedes,COL15,2021-12-23
MOD210,Golf,1800,MB741,Ford,COL19,2007-06-01
MOD211,Tucson,1500,UK135,Chevrolet,COL6,2007-12-30
MOD212,Focus,3000,LQ439,Ford,COL13,2020-05-30
MOD213,Tucson,2000,CJ388,Nissan,COL13,2009-09-30
MOD214,Civic,1500,LC414,Honda,COL16,2018-11-25
MOD215,Tucson,1600,OI618,Chevrolet,COL7,2006-05-20
MOD216,Mustang,1600,YB189,Nissan,COL17,2020-02-24
MOD217,Soul,1600,BG202,BMW,COL26,2008-05-29
MOD218,Civic,3000,YZ460,Kia,COL8,2024-10-09
MOD219,Civic,2200,AT822,Hyundai,COL15,2004-09-23
MOD220,Corolla,1200,WC797,Hyundai,COL1,2021-10-09
MOD221,Soul,2200,LI681,Nissan,COL28,2015-05-18
MOD222,A3,2400,GV402,Hyundai,COL28,2020-12-21
MOD223,Civic,2400,YX737,Ford,COL8,2019-04-20
MOD224,A3,1500,ND155,BMW,COL23,2002-10-15
MOD225,Tucson,2400,AA857,Audi,COL13,2024-04-05
MOD226,Focus,1600,QF769,Kia,COL27,2003-12-09
MOD227,Astra,1500,OL552,Nissan,COL10,2024-03-29
MOD228,Tucson,1200,ZB762,Mercedes,COL11,2017-11-09
MOD229,Mustang,1600,TD093,Nissan,COL14,2018-03-15
MOD230,Tucson,1500,XO388,Audi,COL12,2001-12-15
MOD231,A3,2000,KK348,Kia,COL29,2006-06-04
MOD232,Focus,1800,JG315,Audi,COL6,2009-03-31
MOD233,Corolla,1400,BD143,BMW,COL2,2024-05-27
MOD234,Impala,2400,KD838,Honda,COL6,2013-06-28
MOD235,Soul,2400,CH863,Hyundai,COL13,2024-08-26
MOD236,Impala,1500,TQ241,Hyundai,COL13,2015-11-24
MOD237,Focus,1400,GQ470,Chevrolet,COL28,2008-10-08
MOD238,Impala,1500,JF439,Honda,COL16,2004-09-03
MOD239,Astra,2000,OI383,Mercedes,COL23,2013-11-13
MOD240,Golf,2200,SH979,Kia,COL1,2005-03-03
MOD241,Corolla,1400,DO931,BMW,COL16,2010-11-21
MOD242,Tucson,1000,MC012,Nissan,COL10,2017-08-18
MOD243,Civic,2000,ZA980,BMW,COL20,2016-08-14
MOD244,Corolla,2400,BW048,Toyota,COL23,2021-05-02
MOD245,Civic,1600,UN410,BMW,COL13,2020-05-15
MOD246,A3,1600,XN154,Honda,COL2,2004-07-05
MOD247,Focus,1500,OH766,Ford,COL28,2021-03-19
MOD248,A3,1500,ZA461,Honda,COL27,2006-01-11
MOD249,Soul,2000,QG055,BMW,COL20,2001-09-29
MOD250,Soul,1500,LO029,Hyundai,COL30,2016-09-11
MOD251,Astra,2200,JD747,Honda,COL16,2014-12-08
MOD252,Impala,1400,CG927,Hyundai,COL7,2001-01-14
MOD253,Tucson,1400,RN855,Audi,COL3,2000-07-23
MOD254,Civic,1600,AJ698,Hyundai,COL19,2014-08-18
MOD255,Soul,1600,NI502,Toyota,COL14,2022-03-09
MOD256,Golf,1200,WJ512,BMW,COL9,2009-02-05
MOD257,Soul,1800,XF004,Honda,COL23,2004-06-29
MOD258,Mustang,1800,EM377,Ford,COL21,2024-12-16
MOD259,Mustang,2000,CR299,Mercedes,COL2,2020-01-01
MOD260,Civic,1600,MJ362,Honda,COL3,2014-08-07
MOD261,Soul,2000,SU425,Nissan,COL15,2017-12-30
MOD262,Focus,1500,JA311,Mercedes,COL26,2016-11-21
MOD263,Focus,1400,NA578,Ford,COL30,2024-11-21
MOD264,Tucson,1500,WO561,Mercedes,COL21,2011-08-13
MOD265,A3,1600,UL379,Chevrolet,COL21,2001-04-21
MOD266,Golf,1800,PD923,Chevrolet,COL5,2021-09-08
MOD267,Tucson,1600,BF478,Honda,COL12,2011-08-23
MOD268,Tucson,3000,MF789,Ford,COL2,2009-01-03
MOD269,Golf,1000,DB079,Honda,COL29,2008-11-11
MOD270,Mustang,3000,TH546,Chevrolet,COL10,2017-10-10
MOD271,A3,2400,KE261,Ford,COL30,2019-12-20
MOD272,A3,2200,UL416,Chevrolet,COL16,2002-02-06
MOD273,Corolla,1000,OO844,Chevrolet,COL15,2014-01-16
MOD274,Astra,1500,DB749,BMW,COL30,2004-02-11
MOD275,Corolla,1800,EI303,Kia,COL20,2012-05-21
MOD276,A3,2400,VZ156,Honda,COL21,2005-03-26
MOD277,Impala,2400,BC958,Nissan,COL17,2011-03-20
MOD278,Astra,1400,KG124,Hyundai,COL25,2019-07-07
MOD279,Mustang,1600,QV483,Mercedes,COL23,2017-08-27
MOD280,Mustang,1800,JS283,BMW,COL3,2000-05-12
MOD281,Impala,1800,BB283,Mercedes,COL19,2002-10-21
MOD282,Mustang,1600,LY881,Chevrolet,COL10,2013-08-22
MOD283,Impala,1200,FX144,Nissan,COL24,2004-08-01
MOD284,Golf,2200,LI956,Ford,COL28,2010-08-10
MOD285,Corolla,1000,TU850,Hyundai,COL4,2014-02-15
MOD286,A3,2400,IE318,Kia,COL17,2018-07-03
MOD287,Focus,1200,XC163,Chevrolet,COL22,2009-03-27
MOD288,Civic,1000,ZQ771,Toyota,COL23,2011-01-24
MOD289,Focus,2000,ZN421,Hyundai,COL24,2017-11-28
MOD290,Civic,1600,BN118,Ford,COL7,2015-07-18
MOD291,Corolla,1800,UE446,BMW,COL7,2010-10-20
MOD292,Focus,1800,TB019,Mercedes,COL27,2022-09-08
MOD293,Focus,2000,ME121,Honda,COL10,2007-11-06
MOD294,Civic,1800,IM425,Mercedes,COL2,2008-03-09
MOD295,Astra,2200,CQ477,Kia,COL26,2011-02-22
MOD296,A3,2200,MS031,Hyundai,COL5,2003-03-31
MOD297,Mustang,1500,CN615,Chevrolet,COL14,2008-11-27
MOD298,A3,1500,GO602,BMW,COL1,2024-08-18
MOD299,Civic,2000,IQ752,Audi,COL18,2003-01-19
MOD300,Civic,2400,OS447,BMW,COL6,2017-06-01
MOD301,Soul,1400,AZ054,BMW,COL13,2006-09-19
MOD302,Corolla,1500,TU340,Hyundai,COL16,2004-01-30
MOD303,Corolla,1600,DN054,Toyota,COL25,2013-05-05
MOD304,Astra,2000,MJ741,Ford,COL18,2001-11-20
MOD305,Soul,1600,TB420,Honda,COL16,2013-10-13
MOD306,Tucson,1800,VO875,Chevrolet,COL14,2020-07-16
MOD307,Mustang,3000,ST929,Nissan,COL9,2004-07-13
MOD308,Corolla,2400,GX605,Honda,COL29,2022-08-14
MOD309,Civic,2000,AO638,BMW,COL8,2012-04-30
MOD310,Astra,2200,MF895,Toyota,COL27,2022-12-14
MOD311,Tucson,1600,WS079,Hyundai,COL19,2003-09-15
MOD312,Corolla,1800,ZJ105,Mercedes,COL20,2011-09-27
MOD313,Golf,2200,UY957,Mercedes,COL14,2018-05-12
MOD314,Tucson,2000,IY190,Mercedes,COL1,2005-09-20
MOD315,Astra,3000,CD529,Mercedes,COL23,2011-04-06
MOD316,Mustang,1000,TK806,Mercedes,COL21,2002-07-16
MOD317,Soul,1500,TQ046,Kia,COL20,2023-10-08
MOD318,A3,1400,ZU741,Ford,COL13,2016-02-27
MOD319,Tucson,1600,VY792,Honda,COL4,2015-04-16
MOD320,Civic,1400,NO803,BMW,COL17,2007-03-10
MOD321,Impala,1400,QM066,Honda,COL8,2023-07-27
MOD322,Focus,1500,ZA221,Hyundai,COL4,2004-05-14
MOD323,Soul,1500,QR123,Audi,COL22,2020-05-04
MOD324,Impala,3000,RW759,Chevrolet,COL16,2011-06-21
MOD325,Mustang,1800,EO594,Audi,COL5,2020-10-16
MOD326,Soul,2200,JI984,Kia,COL22,2017-05-07
MOD327,Soul,1800,BM458,Honda,COL26,2020-01-05
MOD328,Corolla,2400,IV167,Honda,COL14,2022-09-15
MOD329,Civic,2200,SY754,Nissan,COL9,2017-12-07
MOD330,Astra,1600,TY999,Nissan,COL20,2014-03-02
MOD331,Civic,2200,FC301,BMW,COL18,2021-03-05
MOD332,Tucson,2200,GD914,Hyundai,COL1,2009-06-27
MOD333,Mustang,1600,HP801,BMW,COL8,2021-03-20
MOD334,Corolla,2400,HK577,Chevrolet,COL1,2012-04-07
MOD335,Astra,1200,UR441,Chevrolet,COL23,2018-01-05
MOD336,Soul,1200,ZF780,Toyota,COL3,2019-06-03
MOD337,Mustang,1800,BO839,Nissan,COL29,2017-06-28
MOD338,Impala,3000,AT580,Kia,COL29,2002-03-06
MOD339,Impala,1800,WA886,Honda,COL24,2006-09-14
MOD340,Mustang,2000,ON956,Chevrolet,COL9,2005-03-18
MOD341,Tucson,3000,IL622,Ford,COL10,2006-03-14
MOD342,Tucson,1800,HI191,Audi,COL26,2018-08-01
MOD343,Mustang,3000,DO690,Audi,COL12,2000-12-18
MOD344,Corolla,2400,QF928,Nissan,COL21,2000-01-20
MOD345,A3,1800,GM525,BMW,COL12,2023-08-12
MOD346,Tucson,1500,RC366,Toyota,COL2,2000-07-09
MOD347,Golf,1600,XO274,Hyundai,COL22,2021-08-22
MOD348,Corolla,3000,LB148,Toyota,COL2,2012-03-02
MOD349,Focus,2200,HR154,Kia,COL25,2019-07-08
MOD350,Civic,2200,JN613,Toyota,COL3,2015-07-03
MOD351,Golf,2000,MU739,Chevrolet,COL2,2017-02-08
MOD352,Soul,1600,DB847,Honda,COL10,2010-07-12
MOD353,Golf,1200,FV761,Kia,COL18,2014-11-01
MOD354,Soul,1600,MU340,Ford,COL8,2007-09-25
MOD355,Focus,3000,JT508,BMW,COL16,2003-07-12
MOD356,Focus,1000,RA010,Hyundai,COL19,2007-11-09
MOD357,Focus,2400,QC829,Nissan,COL20,2020-03-29
MOD358,Astra,1200,ED013,Mercedes,COL16,2006-05-25
MOD359,Focus,2400,WO790,Nissan,COL17,2015-12-09
MOD360,Mustang,1400,NY787,Hyundai,COL8,2020-02-21
MOD361,Golf,1600,ZC251,Nissan,COL15,2009-04-11
MOD362,Tucson,3000,DQ616,Chevrolet,COL6,2016-03-26
MOD363,Tucson,1400,YP508,Kia,COL13,2008-10-23
MOD364,Golf,1000,IR871,Mercedes,COL18,2003-09-24
MOD365,Tucson,1200,QY664,Toyota,COL8,2001-06-27
MOD366,Impala,2400,HC190,Chevrolet,COL2,2019-08-31
MOD367,Soul,1600,XS299,Hyundai,COL11,2000-06-14
MOD368,Impala,1600,LI382,Mercedes,COL23,2023-06-15
MOD369,A3,3000,DE923,Nissan,COL10,2015-10-23
MOD370,A3,2000,CT341,Honda,COL29,2021-04-11
MOD371,Astra,2200,SV167,Hyundai,COL11,2001-12-24
MOD372,Tucson,3000,UF266,Kia,COL10,2020-06-20
MOD373,Impala,2200,NR028,Kia,COL17,2005-08-17
MOD374,Tucson,3000,ER055,Toyota,COL9,2003-03-06
MOD375,Soul,2400,PN572,BMW,COL27,2013-05-05
MOD376,Astra,1200,VK549,Mercedes,COL13,2011-05-10
MOD377,Astra,1500,KK593,Mercedes,COL14,2022-11-28
MOD378,Mustang,3000,FN069,Kia,COL2,2010-12-22
MOD379,Tucson,2400,YN913,Toyota,COL1,2006-06-08
MOD380,Corolla,1000,VO614,Toyota,COL23,2010-12-16
MOD381,Mustang,1400,DX476,Kia,COL3,2004-08-13
MOD382,Civic,1800,KP940,BMW,COL28,2016-08-19
MOD383,Soul,1500,KC376,Mercedes,COL10,2004-07-16
MOD384,Corolla,1800,OV740,Hyundai,COL11,2011-12-22
MOD385,A3,1500,GW461,Honda,COL12,2018-06-17
MOD386,Mustang,1000,IY068,BMW,COL18,2023-07-05
MOD387,Golf,1800,II681,Mercedes,COL1,2018-06-12
MOD388,Focus,1400,XY212,Kia,COL6,2000-02-27
MOD389,Soul,1600,HU569,Ford,COL23,2009-06-03
MOD390,Focus,1400,HC531,Honda,COL12,2012-07-26
MOD391,Impala,2400,UM412,BMW,COL30,2009-10-12
MOD392,Mustang,1400,FW203,Kia,COL19,2023-11-15
MOD393,Astra,1400,NU304,BMW,COL11,2009-10-13
MOD394,Astra,2400,IN818,Mercedes,COL10,2024-11-30
MOD395,Golf,2200,IH810,Ford,COL9,2013-08-03
MOD396,Focus,1000,PG670,Nissan,COL21,2018-03-18
MOD397,Golf,2400,UC006,Honda,COL1,2021-11-20
MOD398,A3,2000,PJ663,Audi,COL19,2019-04-12
MOD399,Focus,2400,CW462,Toyota,COL24,2007-04-01
MOD400,Corolla,1500,FC448,Hyundai,COL23,2010-07-26
MOD401,Impala,2400,DX595,Toyota,COL15,2009-09-28
MOD402,Civic,1200,OC845,Chevrolet,COL13,2010-01-13
MOD403,Golf,1000,JT731,Mercedes,COL10,2003-08-05
MOD404,Impala,2200,AM675,Hyundai,COL29,2012-12-23
MOD405,Mustang,1000,NV887,Kia,COL7,2001-09-26
MOD406,Focus,2400,JZ331,Hyundai,COL18,2005-05-08
MOD407,Tucson,1800,OV064,Toyota,COL27,2009-10-26
MOD408,Focus,2400,QK968,BMW,COL15,2015-05-27
MOD409,Astra,1000,IJ771,Mercedes,COL29,2008-08-13
MOD410,Golf,1800,PF205,Nissan,COL4,2002-07-23
MOD411,A3,1500,VU153,Mercedes,COL11,2012-09-19
MOD412,Soul,1000,KL404,Ford,COL30,2019-06-30
MOD413,Corolla,1800,ZN800,Honda,COL6,2022-09-29
MOD414,Impala,1500,YR865,Mercedes,COL17,2009-12-17
MOD415,Golf,2200,WZ413,Mercedes,COL1,2016-04-22
MOD416,Corolla,3000,UM652,Toyota,COL25,2002-02-10
MOD417,Corolla,1400,VV432,Honda,COL27,2015-05-20
MOD418,Soul,1000,JT632,Honda,COL9,2009-01-11
MOD419,Mustang,2000,DY644,Ford,COL5,2006-05-03
MOD420,Mustang,1600,DV491,Nissan,COL24,2018-03-23
MOD421,Tucson,1400,LB152,Honda,COL18,2019-12-28
MOD422,Civic,1800,CC173,Toyota,COL21,2019-05-09
MOD423,Corolla,2400,UN563,Toyota,COL20,2008-09-13
MOD424,Astra,1600,LY011,Nissan,COL22,2023-11-04
MOD425,Soul,1200,OW630,Hyundai,COL18,2006-05-16
MOD426,A3,1600,ZP942,Mercedes,COL9,2018-10-20
MOD427,Golf,1000,AY102,Audi,COL27,2020-05-22
MOD428,Civic,2000,GI907,BMW,COL11,2000-09-08
MOD429,A3,1400,MU645,Audi,COL30,2004-06-05
MOD430,Tucson,2000,UM167,Kia,COL26,2006-01-04
MOD431,Focus,1800,XE241,Toyota,COL24,2004-10-10
MOD432,Golf,3000,PZ290,Audi,COL10,2018-01-02
MOD433,Astra,2200,HL855,Ford,COL5,2002-06-17
MOD434,Tucson,1400,ZO775,Nissan,COL14,2013-03-03
MOD435,Astra,1600,MP069,Hyundai,COL26,2014-06-28
MOD436,Soul,2000,KX168,Hyundai,COL23,2019-12-24
MOD437,Tucson,1400,YC673,BMW,COL17,2022-11-05
MOD438,Tucson,2200,VE510,Toyota,COL17,2013-11-02
MOD439,Corolla,1800,RD714,Hyundai,COL16,2019-03-20
MOD440,Tucson,1800,UZ989,Mercedes,COL23,2021-04-29
MOD441,Golf,2400,KW858,BMW,COL29,2023-01-09
MOD442,Golf,1000,TJ806,Honda,COL30,2002-02-23
MOD443,Civic,2200,II457,BMW,COL25,2013-04-22
MOD444,Corolla,1800,GW238,Kia,COL7,2006-03-29
MOD445,Corolla,1400,CJ984,Ford,COL21,2007-04-27
MOD446,A3,1500,CP760,Chevrolet,COL28,2014-06-24
MOD447,Focus,2400,JO924,Honda,COL3,2022-01-12
MOD448,A3,1000,OD860,Kia,COL2,2017-06-17
MOD449,A3,1200,OH255,Honda,COL12,2022-08-29
MOD450,Golf,1500,BL864,Honda,COL28,2005-11-03
MOD451,A3,1400,JY259,Kia,COL10,2013-03-15
MOD452,Impala,1500,JJ952,Hyundai,COL18,2017-09-18
MOD453,Civic,2000,DT720,Kia,COL17,2019-02-08
MOD454,Golf,2000,XP566,Chevrolet,COL24,2016-09-11
MOD455,Soul,2200,RV738,Hyundai,COL7,2014-02-09
MOD456,A3,1200,CJ948,Hyundai,COL13,2016-02-06
MOD457,A3,2200,ZZ792,Nissan,COL15,2013-11-16
MOD458,Mustang,2400,YA673,Nissan,COL10,2018-10-30
MOD459,Impala,1200,VA855,Toyota,COL30,2013-02-24
MOD460,Mustang,1600,YN061,Nissan,COL29,2024-10-12
MOD461,Astra,1400,LY792,BMW,COL5,2018-09-01
MOD462,Impala,2000,PO061,Ford,COL14,2007-04-26
MOD463,Corolla,2200,UP831,Ford,COL8,2020-11-21
MOD464,Astra,2000,SE654,Mercedes,COL16,2015-02-15
MOD465,Impala,3000,ZP609,Audi,COL19,2001-09-16
MOD466,Tucson,1200,KP286,BMW,COL24,2024-08-10
MOD467,Focus,1800,BP624,Honda,COL20,2019-01-05
MOD468,Mustang,2400,WE681,Ford,COL13,2021-04-21
MOD469,Tucson,1200,UU056,Audi,COL21,2015-10-29
MOD470,A3,1400,CH254,Honda,COL9,2023-07-22
MOD471,Corolla,1200,MP939,Ford,COL21,2012-03-10
MOD472,Focus,1800,MB854,Toyota,COL9,2000-06-16
MOD473,Golf,1000,NC200,Mercedes,COL10,2022-05-18
MOD474,Impala,3000,DY989,Audi,COL4,2022-10-10
MOD475,A3,2200,SV547,Audi,COL10,2019-03-20
MOD476,Impala,1200,WD925,Ford,COL28,2001-01-05
MOD477,Golf,3000,CZ322,Honda,COL4,2008-11-12
MOD478,Soul,2400,BN224,Nissan,COL13,2013-04-02
MOD479,Golf,1600,VC922,Toyota,COL26,2024-06-22
MOD480,Tucson,1800,AY441,Nissan,COL11,2006-02-20
MOD481,Focus,1800,CM009,Toyota,COL18,2014-06-24
MOD482,Impala,1400,XO242,Toyota,COL12,2017-03-03
MOD483,Golf,2000,KQ596,Toyota,COL10,2023-11-06
MOD484,Mustang,1800,KM379,Toyota,COL4,2007-05-19
MOD485,Mustang,1500,TD891,Honda,COL3,2015-07-12
MOD486,Soul,2000,KD798,Toyota,COL21,2023-12-17
MOD487,Corolla,1400,LY932,Hyundai,COL28,2001-02-19
MOD488,Golf,1400,JL589,BMW,COL9,2010-03-17
MOD489,Soul,1600,WX129,Toyota,COL10,2009-08-13
MOD490,Tucson,1400,OV001,Chevrolet,COL2,2021-11-01
MOD491,A3,1000,IB160,Ford,COL8,2005-01-07
MOD492,A3,2000,TG816,Honda,COL24,2005-02-11
MOD493,Tucson,2000,IU522,Kia,COL1,2008-08-25
MOD494,Soul,1200,KA371,Kia,COL22,2018-06-25
MOD495,A3,3000,LX223,Chevrolet,COL26,2020-09-27
MOD496,Soul,2400,JX235,Chevrolet,COL22,2013-05-14
MOD497,Astra,3000,BA521,Kia,COL17,2006-05-16
MOD498,Civic,3000,TN671,BMW,COL21,2022-02-03
MOD499,Mustang,1400,XP321,Chevrolet,COL25,2011-06-02
MOD500,Soul,2400,HU995,Honda,COL27,2009-05-02
MOD501,Corolla,2000,TE305,Ford,COL24,2008-01-19
MOD502,Civic,2400,RU205,Toyota,COL5,2001-01-20
MOD503,Golf,1600,MZ698,Audi,COL6,2005-01-07
MOD504,Soul,1500,AV197,Kia,COL27,2013-06-23
MOD505,Impala,1000,KG938,Nissan,COL10,2001-07-07
MOD506,Impala,3000,HG090,Kia,COL26,2016-11-18
MOD507,Civic,1400,SI509,Audi,COL3,2001-07-10
MOD508,Astra,1600,ZS053,Mercedes,COL16,2002-02-27
MOD509,Corolla,1000,GK297,Nissan,COL23,2010-07-27
MOD510,Impala,1600,SP018,Kia,COL15,2002-10-14
MOD511,Corolla,1000,HB293,Ford,COL27,2016-08-24
MOD512,A3,2400,ES657,Kia,COL8,2015-02-07
MOD513,A3,2000,XJ094,Kia,COL18,2014-01-16
MOD514,Tucson,2000,GD894,Toyota,COL18,2005-05-31
MOD515,Golf,1000,UI441,Chevrolet,COL25,2011-08-28
MOD516,A3,1500,US762,Honda,COL7,2007-08-10
MOD517,Impala,1200,PH153,Toyota,COL22,2014-12-13
MOD518,Astra,1000,RV896,Chevrolet,COL26,2024-06-17
MOD519,Soul,3000,OH869,Mercedes,COL14,2003-07-27
MOD520,A3,1800,ME721,Audi,COL16,2010-04-08
MOD521,Mustang,1600,DA718,Kia,COL28,2018-01-18
MOD522,Impala,2400,EP342,Kia,COL7,2020-07-20
MOD523,Golf,1000,OM295,Kia,COL6,2024-01-13
MOD524,Impala,1600,DX430,Honda,COL26,2005-08-02
MOD525,Astra,1400,UL956,Kia,COL2,2022-03-26
MOD526,Focus,2400,EN557,Ford,COL6,2009-11-14
MOD527,Mustang,1400,VL410,BMW,COL27,2008-04-08
MOD528,Impala,1400,OW040,Mercedes,COL16,2016-02-04
MOD529,Soul,2000,GW690,Chevrolet,COL12,2024-05-01
MOD530,Golf,2400,TN270,Kia,COL14,2020-08-21
MOD531,Focus,1200,HM044,Chevrolet,COL26,2021-02-21
MOD532,Soul,2200,LJ970,Kia,COL5,2008-04-10
MOD533,Mustang,2000,DZ197,BMW,COL1,2005-12-31
MOD534,Focus,1500,CB373,Chevrolet,COL6,2014-08-09
MOD535,A3,2400,BW608,BMW,COL29,2019-07-08
MOD536,A3,1500,QO496,Chevrolet,COL7,2021-10-14
MOD537,Focus,1200,HZ409,Hyundai,COL3,2006-11-18
MOD538,Tucson,1800,JY676,Ford,COL22,2005-12-28
MOD539,Mustang,1600,FH686,BMW,COL19,2022-05-20
MOD540,Mustang,1200,XC138,Audi,COL28,2012-05-20
MOD541,Soul,1800,UW032,Mercedes,COL9,2010-06-21
MOD542,Corolla,1500,TR607,Hyundai,COL16,2024-04-26
MOD543,A3,2000,KR069,Toyota,COL19,2023-11-12
MOD544,Golf,1800,LM460,Nissan,COL27,2003-09-06
MOD545,Impala,1800,VT354,Mercedes,COL2,2012-03-18
MOD546,Golf,1000,JW412,Ford,COL23,2016-10-13
MOD547,Tucson,3000,BD231,Chevrolet,COL29,2009-12-01
MOD548,Impala,1000,YT306,Audi,COL1,2003-02-07
MOD549,Astra,1500,JK814,Nissan,COL7,2007-02-05
MOD550,Mustang,3000,ZN528,Chevrolet,COL18,2004-09-28
MOD551,Golf,2200,CR974,Audi,COL8,2019-01-20
MOD552,Corolla,1600,UQ769,BMW,COL28,2000-08-04
MOD553,Astra,1800,AU390,Toyota,COL30,2008-11-24
MOD554,Golf,1400,LD168,Audi,COL7,2020-04-27
MOD555,Impala,1800,VC328,Toyota,COL5,2007-07-20
MOD556,A3,2400,NO891,Hyundai,COL23,2001-06-04
MOD557,Soul,2400,UV731,Ford,COL21,2023-05-09
MOD558,Focus,1600,AF218,Kia,COL8,2011-01-17
MOD559,Golf,2200,DS026,Chevrolet,COL1,2019-06-29
MOD560,Corolla,1500,BJ095,Ford,COL2,2023-01-21
MOD561,Mustang,2400,NZ364,Nissan,COL8,2010-09-10
MOD562,Corolla,1600,LY848,Toyota,COL26,2006-11-24
MOD563,Mustang,2400,AC197,Toyota,COL11,2009-12-06
MOD564,Astra,1800,EV222,Chevrolet,COL11,2014-02-18
MOD565,Tucson,2400,CC650,Chevrolet,COL15,2000-12-08
MOD566,Mustang,2200,YB716,Kia,COL19,2004-12-27
MOD567,Focus,1000,HW638,Mercedes,COL23,2017-01-11
MOD568,Mustang,2000,NT675,Honda,COL18,2006-05-13
MOD569,Astra,1200,LF871,Toyota,COL16,2006-04-24
MOD570,A3,3000,HE037,Chevrolet,COL8,2023-12-26
MOD571,Corolla,1000,FB491,Nissan,COL18,2011-10-13
MOD572,Impala,2400,OS530,Ford,COL27,2017-08-07
MOD573,Golf,2200,AG188,BMW,COL15,2001-08-01
MOD574,Corolla,1500,XL880,Hyundai,COL10,2022-04-13
MOD575,Mustang,1600,IP224,BMW,COL22,2006-12-31
MOD576,Astra,1200,KT007,Kia,COL10,2000-10-05
MOD577,Astra,2400,RL575,BMW,COL13,2015-11-01
MOD578,Focus,3000,FE567,Audi,COL10,2011-04-24
MOD579,Tucson,1600,XO585,Chevrolet,COL19,2019-10-13
MOD580,Corolla,2000,FA353,Audi,COL1,2003-09-21
MOD581,Impala,2000,CK337,Nissan,COL11,2017-07-22
MOD582,Mustang,1800,TZ383,Kia,COL25,2000-04-05
MOD583,Focus,1800,IC706,Kia,COL15,2016-04-01
MOD584,Astra,1400,QJ616,Hyundai,COL17,2018-12-15
MOD585,Golf,1600,LT731,Audi,COL7,2001-08-10
MOD586,Astra,1600,VY748,Ford,COL13,2005-09-28
MOD587,Astra,2000,RM299,Hyundai,COL23,2013-12-17
MOD588,A3,1000,MR171,Honda,COL13,2023-05-25
MOD589,Soul,1800,KJ648,Nissan,COL14,2007-12-13
MOD590,Astra,2400,SK115,Mercedes,COL11,2002-08-06
MOD591,Tucson,1200,VC295,Kia,COL11,2005-04-30
MOD592,Civic,3000,YJ646,Audi,COL6,2007-10-03
MOD593,Tucson,1000,WD313,Chevrolet,COL10,2008-06-30
MOD594,Impala,2000,BF676,BMW,COL18,2001-04-07
MOD595,Astra,2200,SC957,Honda,COL6,2012-10-17
MOD596,Soul,1200,CE723,Hyundai,COL26,2000-01-28
MOD597,Focus,3000,WV562,BMW,COL10,2000-11-17
MOD598,Astra,1400,PV378,Ford,COL27,2019-12-02
MOD599,Astra,1800,OS289,Toyota,COL6,2004-12-23
MOD600,Mustang,1600,DS346,Honda,COL5,2007-01-20
MOD601,Mustang,1800,EC461,Kia,COL21,2021-10-17
MOD602,Focus,1000,II550,Toyota,COL30,2012-03-12
MOD603,Focus,2200,WZ277,Hyundai,COL9,2016-11-20
MOD604,Civic,1400,GX889,Chevrolet,COL3,2000-04-20
MOD605,Golf,3000,GO643,Toyota,COL21,2014-02-19
MOD606,Corolla,3000,KS118,Mercedes,COL5,2004-07-22
MOD607,Focus,1500,ET958,Toyota,COL1,2024-12-18
MOD608,Focus,2000,RK794,Toyota,COL17,2020-02-03
MOD609,Impala,1500,LX167,Kia,COL15,2007-08-15
MOD610,Civic,1200,MP858,Nissan,COL26,2006-08-13
MOD611,Astra,1400,QN891,Mercedes,COL21,2002-10-30
MOD612,Impala,1400,XJ421,Honda,COL28,2004-08-15
MOD613,Corolla,1000,MQ869,Kia,COL21,2016-07-27
MOD614,Soul,1200,IS900,Nissan,COL19,2015-09-29
MOD615,Civic,2400,EL182,Toyota,COL24,2003-11-08
MOD616,Corolla,1000,OR641,Chevrolet,COL2,2017-01-19
MOD617,Astra,1500,IK031,Kia,COL12,2019-08-04
MOD618,Astra,1000,RD907,Chevrolet,COL14,2006-01-28
MOD619,Focus,2200,YA016,Audi,COL1,2020-07-14
MOD620,A3,2400,GV419,Hyundai,COL30,2019-10-12
MOD621,Astra,1500,OD789,Hyundai,COL5,2022-12-27
MOD622,Tucson,3000,HU699,Mercedes,COL22,2000-10-20
MOD623,Astra,2000,KX307,BMW,COL6,2021-12-16
MOD624,Focus,3000,KV213,Toyota,COL18,2017-04-05
MOD625,Tucson,2400,RX583,Kia,COL11,2005-02-13
MOD626,Focus,2400,QU563,BMW,COL21,2009-10-31
MOD627,Soul,2000,XA280,Hyundai,COL21,2021-05-05
MOD628,Corolla,1600,TL860,Honda,COL8,2011-07-11
MOD629,Astra,2200,NM844,BMW,COL10,2009-02-02
MOD630,Golf,2000,AS803,Kia,COL28,2024-03-27
MOD631,Focus,3000,VC863,Chevrolet,COL16,2014-06-11
MOD632,Soul,2000,GZ636,Honda,COL2,2020-02-16
MOD633,Focus,1000,VL229,Toyota,COL29,2013-11-20
MOD634,Focus,1500,BE098,Mercedes,COL6,2018-12-24
MOD635,Tucson,2000,MP900,BMW,COL9,2007-12-15
MOD636,A3,1800,TM470,Mercedes,COL26,2021-11-08
MOD637,Astra,1200,VZ535,Chevrolet,COL15,2005-11-22
MOD638,Focus,1800,TL944,Hyundai,COL9,2007-05-27
MOD639,A3,1000,MY983,BMW,COL25,2024-11-13
MOD640,Impala,1000,GH195,Mercedes,COL12,2014-06-10
MOD641,Astra,2400,UL850,Chevrolet,COL20,2022-10-02
MOD642,Astra,1800,JI139,Audi,COL13,2024-03-03
MOD643,Focus,2200,VA571,Chevrolet,COL2,2009-07-24
MOD644,Tucson,1200,CI253,Kia,COL19,2023-12-24
MOD645,Civic,2400,FM771,Nissan,COL17,2014-11-26
MOD646,Golf,2400,QD453,Nissan,COL16,2019-10-30
MOD647,Soul,2000,VJ619,Mercedes,COL17,2014-05-30
MOD648,Tucson,1800,QP721,Toyota,COL30,2002-10-08
MOD649,Astra,2200,DT464,Mercedes,COL16,2018-02-07
MOD650,Corolla,2400,ZI054,Kia,COL30,2020-02-02
MOD651,Corolla,3000,WZ382,BMW,COL27,2000-03-27
MOD652,Focus,1000,ZG430,BMW,COL10,2016-11-30
MOD653,Soul,1000,GY797,Mercedes,COL11,2015-04-22
MOD654,A3,1000,SH223,Toyota,COL27,2020-09-03
MOD655,Corolla,1000,NT953,Hyundai,COL14,2012-08-02
MOD656,Focus,2400,HV038,Chevrolet,COL4,2023-11-26
MOD657,Mustang,2400,LB170,Ford,COL30,2014-12-19
MOD658,Impala,1500,VV643,BMW,COL16,2018-05-23
MOD659,Astra,2000,OG839,Mercedes,COL20,2017-02-01
MOD660,Impala,2400,TL550,Kia,COL10,2002-10-30
MOD661,Astra,3000,UT761,Toyota,COL22,2004-06-13
MOD662,Soul,2200,VT158,Honda,COL13,2002-05-22
MOD663,Tucson,3000,HM121,Chevrolet,COL27,2023-09-10
MOD664,Tucson,1500,TS299,Chevrolet,COL28,2014-09-01
MOD665,Astra,1800,FI491,Mercedes,COL3,2003-01-28
MOD666,Tucson,1500,CQ512,Mercedes,COL5,2019-08-28
MOD667,Soul,2000,AN700,Ford,COL29,2007-04-13
MOD668,Corolla,2000,WK588,Mercedes,COL25,2015-10-22
MOD669,A3,1800,GF623,Toyota,COL25,2024-06-14
MOD670,A3,1200,XY638,Ford,COL11,2021-10-31
MOD671,Soul,1600,WF646,Kia,COL21,2006-09-01
MOD672,Astra,2000,FC033,Ford,COL29,2002-05-01
MOD673,Golf,3000,MQ020,Toyota,COL12,2015-11-30
MOD674,Astra,1500,BL449,Chevrolet,COL23,2008-04-25
MOD675,Mustang,2000,NS857,Chevrolet,COL22,2022-04-13
MOD676,Tucson,1500,AQ305,BMW,COL8,2019-03-09
MOD677,Mustang,1200,YF701,Ford,COL11,2008-05-28
MOD678,Tucson,1000,OY371,Ford,COL30,2023-04-29
MOD679,Tucson,2400,TG048,Audi,COL1,2023-09-25
MOD680,Tucson,2400,JW924,Toyota,COL1,2005-07-03
MOD681,Civic,1400,UR057,Mercedes,COL25,2007-06-16
MOD682,Golf,1600,PT780,Honda,COL15,2018-07-01
MOD683,A3,1200,YL419,Honda,COL21,2024-11-13
MOD684,Civic,1000,BB593,Ford,COL10,2014-10-21
MOD685,Civic,1200,LD054,Ford,COL18,2014-03-06
MOD686,Soul,1200,PF140,Kia,COL4,2014-11-15
MOD687,Civic,1000,IQ463,Kia,COL11,2008-06-29
MOD688,Focus,1200,RX462,Ford,COL24,2000-02-02
MOD689,Civic,3000,UN873,Hyundai,COL9,2018-04-24
MOD690,Corolla,2000,ZN809,Chevrolet,COL11,2016-11-23
MOD691,A3,2400,UH218,Kia,COL20,2017-01-10
MOD692,Astra,2200,BI052,Toyota,COL21,2012-12-24
MOD693,Mustang,2400,DF794,Nissan,COL20,2021-06-27
MOD694,Golf,1500,GO879,Chevrolet,COL6,2014-12-13
MOD695,Mustang,2000,ZX218,Chevrolet,COL6,2003-03-04
MOD696,Tucson,1500,VK403,Nissan,COL7,2017-05-08
MOD697,Golf,2000,JI391,Ford,COL25,2024-03-14
MOD698,Mustang,2400,XD814,Ford,COL13,2022-02-17
MOD699,A3,1600,WR183,Toyota,COL10,2010-11-10
MOD700,Focus,1000,CO435,Kia,COL26,2016-04-30
MOD701,Civic,1800,ZK816,BMW,COL5,2019-07-22
MOD702,Astra,2200,EW121,Chevrolet,COL16,2018-10-03
MOD703,Tucson,2400,HO882,Nissan,COL28,2004-10-02
MOD704,Astra,1000,YG676,Chevrolet,COL29,2010-08-31
MOD705,Civic,1400,TZ723,Kia,COL8,2011-08-28
MOD706,Focus,1500,EN698,Toyota,COL9,2015-02-24
MOD707,Mustang,3000,GM020,BMW,COL28,2024-12-18
MOD708,Golf,1400,TL344,Ford,COL15,2005-12-09
MOD709,Golf,2000,NW617,Ford,COL4,2014-09-18
MOD710,A3,1800,TJ772,Chevrolet,COL5,2004-02-26
MOD711,Astra,1400,ZO728,Nissan,COL23,2018-02-02
MOD712,Astra,2200,UF104,Honda,COL13,2013-03-25
MOD713,Astra,1500,MK373,Mercedes,COL5,2011-07-31
MOD714,Corolla,1200,ED080,Hyundai,COL23,2015-07-09
MOD715,Tucson,2200,ZQ085,Mercedes,COL29,2020-07-27
MOD716,Soul,1600,VG890,Nissan,COL8,2001-02-12
MOD717,Corolla,2200,TP376,Nissan,COL14,2006-07-26
MOD718,Corolla,2400,VK851,Chevrolet,COL5,2017-03-16
MOD719,Civic,1500,JY806,Toyota,COL27,2008-11-01
MOD720,Tucson,1600,IH215,Honda,COL2,2003-03-31
MOD721,Astra,1000,IW766,Chevrolet,COL15,2014-11-21
MOD722,Impala,1600,NU634,Mercedes,COL25,2008-08-14
MOD723,Focus,1600,CB278,BMW,COL6,2023-11-11
MOD724,Soul,2400,EU561,Nissan,COL2,2002-03-13
MOD725,Corolla,1600,MI144,Kia,COL28,2004-02-06
MOD726,Corolla,2400,WQ722,Nissan,COL9,2008-09-25
MOD727,Impala,3000,CA667,Toyota,COL10,2002-03-29
MOD728,Focus,1400,IQ178,Audi,COL12,2013-08-02
MOD729,A3,1400,UV280,Kia,COL22,2020-09-06
MOD730,Corolla,1500,RG408,BMW,COL21,2014-12-20
MOD731,Astra,1000,MA048,Audi,COL30,2022-03-26
MOD732,Tucson,2400,AP438,Ford,COL26,2016-05-07
MOD733,Impala,1000,CW928,Toyota,COL22,2024-09-17
MOD734,Focus,1800,QP962,Audi,COL1,2003-02-04
MOD735,Focus,1600,MS460,Toyota,COL9,2024-01-07
MOD736,Golf,2000,DG691,Kia,COL6,2005-05-05
MOD737,Golf,3000,HT976,BMW,COL10,2001-05-08
MOD738,Tucson,1400,IE867,BMW,COL1,2009-06-22
MOD739,Tucson,1200,TD823,BMW,COL22,2016-11-26
MOD740,Civic,2200,SG762,Chevrolet,COL13,2000-09-01
MOD741,Civic,1800,AO725,Honda,COL19,2009-06-17
MOD742,Corolla,2000,YV237,Honda,COL19,2000-08-12
MOD743,Civic,2000,MV337,Chevrolet,COL8,2007-07-14
MOD744,Astra,1800,GJ793,Audi,COL7,2004-07-28
MOD745,Astra,1600,GB866,Honda,COL28,2005-10-20
MOD746,Civic,3000,SJ951,Mercedes,COL18,2022-05-10
MOD747,Corolla,1800,LC690,Ford,COL24,2008-04-01
MOD748,Civic,3000,ZX501,BMW,COL11,2009-11-27
MOD749,Soul,1400,FI146,Honda,COL19,2004-08-03
MOD750,Mustang,2000,QA775,Toyota,COL17,2005-04-01
MOD751,Soul,1400,PB155,Nissan,COL10,2010-09-13
MOD752,Corolla,1600,GQ074,Audi,COL8,2001-04-03
MOD753,Impala,2400,JZ758,Chevrolet,COL13,2001-06-25
MOD754,Civic,1400,QO407,Hyundai,COL11,2023-06-22
MOD755,Impala,1400,ZG692,BMW,COL12,2005-07-01
MOD756,Astra,1800,GI575,Chevrolet,COL13,2009-06-24
MOD757,Mustang,2400,VG462,Ford,COL18,2000-04-28
MOD758,Corolla,1000,FY531,Nissan,COL8,2013-12-08
MOD759,Civic,1500,XD574,Mercedes,COL22,2017-12-02
MOD760,A3,1500,KN052,Nissan,COL12,2024-12-07
MOD761,A3,3000,SQ450,Nissan,COL21,2001-09-21
MOD762,Tucson,2400,CM956,Hyundai,COL25,2015-09-25
MOD763,Mustang,1200,OI330,Chevrolet,COL2,2004-05-17
MOD764,Astra,1000,SS474,Hyundai,COL26,2020-07-22
MOD765,Impala,3000,DK002,Kia,COL4,2010-09-03
MOD766,Golf,3000,UE459,BMW,COL11,2003-05-08
MOD767,Impala,2400,CU310,Kia,COL19,2005-05-30
MOD768,Mustang,1200,SU873,Nissan,COL24,2022-10-03
MOD769,Tucson,1000,ZF621,Kia,COL17,2023-08-29
MOD770,Focus,1600,AI710,Ford,COL13,2009-07-03
MOD771,Golf,2000,HE329,Mercedes,COL17,2007-02-05
MOD772,Civic,1200,JX481,Honda,COL13,2023-06-07
MOD773,Astra,2200,HT220,Audi,COL10,2013-09-17
MOD774,Tucson,2400,SG165,Audi,COL27,2012-07-14
MOD775,Soul,1400,GC752,Ford,COL30,2018-04-17
MOD776,Tucson,1400,JC652,Mercedes,COL12,2021-06-26
MOD777,Focus,2400,IL996,Nissan,COL5,2011-01-10
MOD778,Focus,3000,KA594,Mercedes,COL6,2003-09-26
MOD779,Focus,1400,XT993,Nissan,COL2,2024-07-20
MOD780,Soul,3000,CR071,Honda,COL6,2019-07-24
MOD781,Soul,1800,JE099,BMW,COL6,2003-03-24
MOD782,Civic,1800,EG808,Mercedes,COL7,2018-04-04
MOD783,Soul,1400,YD003,Toyota,COL12,2013-04-05
MOD784,Impala,1800,JQ152,Ford,COL11,2019-07-16
MOD785,Astra,1800,UW682,Hyundai,COL8,2023-01-26
MOD786,Mustang,2400,QV949,Chevrolet,COL26,2014-09-13
MOD787,A3,1800,CO110,BMW,COL28,2008-05-20
MOD788,Impala,2000,AE685,Toyota,COL8,2022-06-28
MOD789,Mustang,3000,KS642,Audi,COL25,2021-03-10
MOD790,Civic,3000,BN140,Hyundai,COL9,2005-03-11
MOD791,Soul,1400,QI179,BMW,COL7,2015-03-05
MOD792,Focus,2200,KL878,Honda,COL16,2017-09-27
MOD793,A3,2000,IS905,Kia,COL28,2008-02-02
MOD794,Soul,1200,IW905,Audi,COL7,2013-06-12
MOD795,A3,1600,XG395,Mercedes,COL26,2005-11-22
MOD796,Tucson,2200,BB128,Honda,COL26,2012-04-25
MOD797,Golf,1000,QM703,Honda,COL29,2016-02-21
MOD798,Focus,2400,DE002,Ford,COL2,2022-10-24
MOD799,Corolla,1500,AP960,Honda,COL5,2017-08-21
MOD800,Focus,1400,BG516,Ford,COL2,2003-12-31
MOD801,Corolla,2200,GE069,Audi,COL1,2006-12-27
MOD802,Astra,1500,ZL254,Mercedes,COL6,2006-10-20
MOD803,Corolla,1600,NE291,Toyota,COL27,2005-04-29
MOD804,Mustang,1800,HW417,Mercedes,COL28,2021-11-26
MOD805,Focus,1600,KN163,Chevrolet,COL22,2011-08-19
MOD806,Corolla,1400,MT003,Toyota,COL11,2017-12-05
MOD807,Mustang,1800,PH403,Chevrolet,COL13,2022-05-22
MOD808,Mustang,1500,TL182,Honda,COL14,2019-06-06
MOD809,A3,3000,AR095,Nissan,COL7,2018-04-25
MOD810,Focus,2200,LZ795,Mercedes,COL25,2019-09-06
MOD811,Soul,1500,JS035,Mercedes,COL28,2013-01-14
MOD812,Soul,2000,WB889,Toyota,COL23,2023-09-09
MOD813,Tucson,1400,SU698,Mercedes,COL28,2017-06-17
MOD814,Impala,2400,CD075,Honda,COL13,2000-01-11
MOD815,Soul,1600,DT391,Honda,COL24,2010-02-02
MOD816,Tucson,3000,BT776,Ford,COL19,2020-11-07
MOD817,Corolla,3000,SZ195,Toyota,COL21,2019-01-24
MOD818,Tucson,1500,EL216,Chevrolet,COL14,2009-12-28
MOD819,Impala,1400,HP141,Kia,COL27,2006-11-12
MOD820,Impala,1200,AZ565,Honda,COL19,2003-02-01
MOD821,Golf,1400,MG285,Audi,COL19,2001-05-31
MOD822,Golf,1400,LR572,Kia,COL10,2001-11-02
MOD823,Focus,2200,LF512,Kia,COL17,2015-09-04
MOD824,Focus,1000,DU751,Kia,COL21,2020-04-12
MOD825,A3,1600,ZB211,Honda,COL4,2020-07-21
MOD826,Civic,2200,RK939,Ford,COL7,2022-03-10
MOD827,Focus,1500,GD478,Kia,COL17,2008-08-08
MOD828,Focus,1000,AK032,Mercedes,COL20,2009-12-13
MOD829,Corolla,3000,NO242,BMW,COL17,2012-03-13
MOD830,Soul,1600,SY401,Chevrolet,COL9,2010-01-24
MOD831,A3,2400,VN394,Kia,COL5,2020-10-17
MOD832,A3,3000,AO024,Hyundai,COL26,2019-08-05
MOD833,A3,1400,DQ594,Honda,COL26,2006-11-07
MOD834,Soul,1200,CE184,Toyota,COL2,2018-06-16
MOD835,Astra,1200,QP924,Audi,COL7,2020-11-03
MOD836,Tucson,2200,YU090,Mercedes,COL13,2005-09-21
MOD837,Mustang,3000,QY753,Honda,COL22,2011-12-31
MOD838,Astra,1200,FJ653,Ford,COL19,2011-09-24
MOD839,Soul,1800,TJ913,Honda,COL15,2018-06-07
MOD840,Astra,2400,JI199,Nissan,COL28,2018-01-23
MOD841,Civic,2000,XN231,Kia,COL17,2014-07-24
MOD842,Impala,2000,GG059,Chevrolet,COL30,2006-12-04
MOD843,Astra,1000,PO431,Toyota,COL6,2022-09-03
MOD844,Impala,1200,BP420,Nissan,COL1,2015-10-10
MOD845,Impala,1000,ID002,Ford,COL28,2014-12-12
MOD846,Focus,2000,ZH438,Chevrolet,COL7,2021-02-17
MOD847,Golf,1600,QO793,Ford,COL17,2012-02-04
MOD848,Corolla,1800,GD289,Nissan,COL29,2002-09-01
MOD849,Focus,1000,GR430,Honda,COL20,2006-09-17
MOD850,Tucson,1800,MV638,Ford,COL10,2016-05-02
MOD851,Astra,2400,QS954,Honda,COL23,2008-07-08
MOD852,Astra,2000,PR851,Kia,COL25,2010-06-15
MOD853,Corolla,1800,YJ751,BMW,COL17,2018-05-07
MOD854,Soul,1800,WG233,BMW,COL11,2018-11-10
MOD855,Astra,1200,JK741,Mercedes,COL20,2019-05-20
MOD856,Civic,2400,SB134,Ford,COL19,2005-10-13
MOD857,Impala,2400,ZU567,Chevrolet,COL7,2003-01-19
MOD858,Astra,2200,SH279,BMW,COL22,2009-07-29
MOD859,A3,2200,RN897,Chevrolet,COL7,2016-08-26
MOD860,Civic,2200,WY263,Chevrolet,COL27,2002-07-24
MOD861,Focus,1600,EM708,Hyundai,COL27,2019-03-13
MOD862,Mustang,2400,BS590,Kia,COL13,2005-09-23
MOD863,Corolla,1400,PZ965,Honda,COL8,2011-02-12
MOD864,Mustang,2000,BD088,Honda,COL9,2010-05-31
MOD865,Impala,1200,XJ771,Nissan,COL18,2002-11-04
MOD866,Corolla,1000,TN394,Mercedes,COL26,2007-09-08
MOD867,Mustang,1000,UL412,Honda,COL5,2003-06-11
MOD868,Golf,2000,YU485,Ford,COL1,2006-02-24
MOD869,Tucson,3000,XU148,Nissan,COL18,2002-09-13
MOD870,Astra,1800,CJ521,Toyota,COL3,2016-01-22
MOD871,Golf,2200,UK816,Mercedes,COL17,2015-08-04
MOD872,Mustang,1800,VJ014,BMW,COL28,2009-04-09
MOD873,Soul,1200,JW732,Nissan,COL14,2024-12-07
MOD874,Corolla,1600,UL076,Nissan,COL10,2019-07-22
MOD875,Focus,2400,KK760,Kia,COL20,2018-08-05
MOD876,Corolla,1500,GT741,Toyota,COL15,2000-10-10
MOD877,Soul,2200,QQ034,Nissan,COL13,2006-03-13
MOD878,Impala,1600,UE619,Mercedes,COL20,2003-08-15
MOD879,Impala,2000,ES343,Mercedes,COL10,2011-03-13
MOD880,Tucson,2000,DK116,Audi,COL11,2011-06-17
MOD881,Focus,1600,HQ484,Audi,COL9,2009-08-16
MOD882,Focus,1200,KL216,BMW,COL7,2018-02-21
MOD883,Impala,1600,QP512,Mercedes,COL25,2016-04-10
MOD884,Corolla,1400,YH718,Ford,COL22,2012-04-26
MOD885,Corolla,1800,GA325,Chevrolet,COL17,2011-10-20
MOD886,Focus,1800,AJ338,Chevrolet,COL13,2001-01-09
MOD887,Golf,1200,DJ274,Audi,COL24,2011-02-28
MOD888,Tucson,2000,HT151,BMW,COL10,2023-10-13
MOD889,Tucson,2200,SE489,Chevrolet,COL7,2011-07-26
MOD890,Impala,1000,MK326,Hyundai,COL5,2001-03-16
MOD891,Soul,3000,LF551,Audi,COL11,2022-07-21
MOD892,Astra,1000,MH890,Hyundai,COL28,2017-07-06
MOD893,A3,2400,LN601,Mercedes,COL22,2019-06-19
MOD894,Astra,1400,NR200,Hyundai,COL22,2017-08-29
MOD895,Civic,1000,MT585,Ford,COL21,2014-01-06
MOD896,Golf,1200,CF679,Kia,COL2,2019-01-14
MOD897,Impala,1600,HW122,BMW,COL2,2002-12-28
MOD898,Corolla,1800,FC416,Toyota,COL20,2015-10-02
MOD899,Astra,3000,EY751,Nissan,COL10,2023-11-03
MOD900,Mustang,2400,EO577,Nissan,COL28,2008-03-26
MOD901,A3,2200,GE517,Nissan,COL1,2002-05-17
MOD902,A3,1500,YI096,Toyota,COL29,2020-11-09
MOD903,Tucson,1200,HB691,Ford,COL7,2014-07-26
MOD904,Corolla,1000,EO143,Toyota,COL10,2019-02-02
MOD905,Astra,2400,OV198,Honda,COL25,2016-12-10
MOD906,Civic,1400,NX103,Mercedes,COL24,2008-11-23
MOD907,Impala,1500,KO864,Ford,COL27,2020-02-29
MOD908,Impala,1500,DA462,Chevrolet,COL17,2014-03-05
MOD909,Impala,1400,RA542,Toyota,COL2,2012-04-25
MOD910,Civic,1600,FG036,Nissan,COL28,2001-11-02
MOD911,Golf,1400,DW401,Audi,COL19,2024-02-09
MOD912,Astra,1800,ZI510,Kia,COL21,2016-05-11
MOD913,Tucson,1200,YG459,Mercedes,COL3,2011-01-24
MOD914,Corolla,1200,PC137,Ford,COL8,2003-12-31
MOD915,Mustang,3000,SZ964,Mercedes,COL19,2020-04-20
MOD916,Golf,1500,RB699,Honda,COL8,2018-03-03
MOD917,Soul,1500,DC390,Audi,COL25,2004-02-03
MOD918,Focus,3000,SY503,Mercedes,COL16,2001-02-08
MOD919,Mustang,1800,YL884,Nissan,COL29,2024-01-29
MOD920,Civic,2200,XF960,Mercedes,COL15,2015-05-19
MOD921,Impala,1600,IM261,BMW,COL26,2002-04-26
MOD922,Soul,1400,LF774,Ford,COL8,2001-11-19
MOD923,Mustang,1400,LF998,Hyundai,COL16,2018-03-02
MOD924,Soul,1500,YN447,Ford,COL29,2015-09-14
MOD925,Soul,3000,WE633,Audi,COL11,2018-06-07
MOD926,Tucson,1000,CI168,Mercedes,COL1,2021-02-11
MOD927,Astra,2400,ME028,Mercedes,COL24,2023-09-18
MOD928,Astra,2200,MD620,BMW,COL4,2003-06-08
MOD929,Civic,1800,KT843,Toyota,COL30,2000-11-04
MOD930,Soul,2400,HU713,Hyundai,COL20,2017-02-08
MOD931,Impala,1800,GP099,Chevrolet,COL23,2014-02-08
MOD932,Astra,2200,OR853,Mercedes,COL24,2002-01-06
MOD933,A3,2000,MH953,Honda,COL23,2017-08-03
MOD934,A3,1800,TA511,Nissan,COL16,2014-10-28
MOD935,A3,1500,QP585,Nissan,COL14,2022-02-15
MOD936,Civic,2200,NU520,Nissan,COL16,2012-01-15
MOD937,Focus,2000,HM497,Nissan,COL3,2001-02-14
MOD938,Soul,2400,KP559,Honda,COL11,2002-03-13
MOD939,Impala,1500,XE041,Kia,COL5,2021-05-13
MOD940,Impala,1500,RT412,Nissan,COL25,2024-06-04
MOD941,A3,2200,LZ282,BMW,COL19,2021-01-23
MOD942,Mustang,3000,SI861,Hyundai,COL22,2012-10-06
MOD943,A3,2400,LQ244,Nissan,COL26,2018-11-04
MOD944,Impala,1000,RK156,Nissan,COL11,2003-06-23
MOD945,A3,1600,EU848,Nissan,COL24,2012-02-23
MOD946,Astra,1600,MW086,Audi,COL3,2011-03-07
MOD947,Golf,1600,JA915,Hyundai,COL20,2020-05-14
MOD948,Golf,2000,EY244,Audi,COL11,2020-10-28
MOD949,Tucson,1800,AH993,Mercedes,COL26,2005-11-02
MOD950,Astra,1800,RU123,Honda,COL7,2021-12-15
MOD951,Soul,1800,EP197,BMW,COL5,2013-10-27
MOD952,Civic,2200,AE858,Toyota,COL28,2023-10-22
MOD953,A3,2000,NE151,Chevrolet,COL28,2022-02-05
MOD954,A3,2200,ZK242,Mercedes,COL10,2007-09-11
MOD955,Astra,1400,YP691,Nissan,COL14,2013-07-06
MOD956,Corolla,1800,MM605,Chevrolet,COL26,2022-03-31
MOD957,A3,2000,KN967,Mercedes,COL10,2017-06-01
MOD958,Impala,1500,XP726,Chevrolet,COL10,2019-08-01
MOD959,Civic,1800,AV829,Hyundai,COL10,2002-10-05
MOD960,Astra,1600,BQ862,Ford,COL10,2002-08-11
MOD961,Astra,1000,QR956,Nissan,COL18,2024-02-10
MOD962,Golf,1400,EG617,Toyota,COL27,2023-07-20
MOD963,Corolla,1400,AR432,Kia,COL11,2011-09-02
MOD964,Mustang,1000,ZE762,Hyundai,COL6,2024-05-08
MOD965,Civic,1600,QE020,Toyota,COL1,2002-09-16
MOD966,Mustang,1000,QP498,Nissan,COL15,2006-08-09
MOD967,Civic,1500,QF482,Kia,COL17,2014-07-08
MOD968,Mustang,2000,YW078,Ford,COL16,2018-09-23
MOD969,Golf,1000,RL158,Audi,COL3,2021-08-16
MOD970,Astra,1800,NQ046,Mercedes,COL11,2001-05-09
MOD971,Soul,2000,MY355,BMW,COL2,2022-01-22
MOD972,Tucson,1400,CV991,Ford,COL11,2012-05-09
MOD973,Impala,1800,QA949,Hyundai,COL29,2004-04-09
MOD974,Soul,2200,RR169,Kia,COL23,2015-11-12
MOD975,Soul,2200,OZ772,Kia,COL14,2015-09-12
MOD976,Corolla,2200,MD198,Honda,COL30,2000-08-15
MOD977,Mustang,1200,QS167,Kia,COL17,2007-04-02
MOD978,A3,1500,WQ958,Ford,COL4,2016-01-22
MOD979,Astra,1800,PZ269,Audi,COL17,2019-07-23
MOD980,Impala,1200,VM013,Ford,COL20,2004-07-23
MOD981,Soul,2000,OP496,BMW,COL18,2017-08-13
MOD982,Corolla,1200,PK385,Ford,COL12,2015-03-06
MOD983,A3,2000,CD238,Hyundai,COL23,2000-12-24
MOD984,Golf,1500,QX324,Mercedes,COL30,2020-08-15
MOD985,Focus,1500,OW059,Hyundai,COL18,2024-11-07
MOD986,Golf,2200,ZJ952,Audi,COL12,2009-10-23
MOD987,Corolla,1500,CU162,Chevrolet,COL9,2023-05-31
MOD988,A3,2400,HN410,Chevrolet,COL28,2012-02-23
MOD989,Golf,1800,AJ584,BMW,COL22,2020-08-12
MOD990,Golf,1000,KM284,Nissan,COL26,2003-09-29
MOD991,Astra,1800,KD506,Ford,COL23,2006-05-03
MOD992,Civic,3000,RT988,Hyundai,COL19,2001-08-07
MOD993,Golf,2200,NM829,Mercedes,COL28,2012-10-29
MOD994,Corolla,3000,PD801,Honda,COL14,2014-08-15
MOD995,Golf,2400,FW570,Audi,COL5,2003-11-11
MOD996,Civic,2000,VO618,Nissan,COL29,2010-12-15
MOD997,Astra,2400,VJ585,Audi,COL14,2009-11-10
MOD998,Tucson,2400,GQ692,Toyota,COL20,2008-08-24
MOD999,Golf,1600,GK744,Ford,COL12,2006-03-15
MOD1000,Astra,3000,FQ929,Honda,COL28,2015-02-21
